Rock ID,Density,Porosity,Moisture Content,Water Absorption,Rebound Number,P-wave Velocity,UCS,Thermal Conductivity,Thermal Diffusivity,Volumetric Heat Capacity
MA1,-1.481,1.5449,1.4798,1.5784,-1.4447,-1.4932,-1.2646,-1.3617,-1.601,-1.402
MA2,0.8268,-0.7518,-0.8686,-0.7559,0.6868,0.8247,0.8378,0.8664,0.8763,0.8077
MA3,-0.054,0.2204,0.1362,0.1087,-0.3789,-0.3346,-0.219,-0.3063,-0.1728,-0.5343
MA4,1.373,-1.3715,-1.3202,-1.3734,1.3973,1.3794,1.3812,1.4407,1.3158,1.4598
MA5,-1.0935,1.071,1.1637,1.0967,-1.0894,-1.0908,-0.9929,-1.0911,-1.1012,-0.9654
MA6,0.4745,-0.3872,-0.5299,-0.3853,0.3316,0.4971,0.3076,0.3552,0.4369,0.4358
MA7,-0.7587,0.7064,0.9266,0.7262,-0.7342,-0.7883,-0.7518,-0.8205,-0.7167,-0.7552
MA8,1.5492,-1.7239,-1.4444,-1.6328,1.7526,1.5563,1.6705,1.6482,1.53,1.6215
MA9,-0.2302,0.0988,0.0233,-0.0148,-0.0237,-0.0572,0.0392,-0.0658,-0.0026,-0.2648
MA10,0.6683,-0.6303,-0.6428,-0.6324,0.6868,0.6235,0.5783,0.6258,0.6566,0.7053
MA11,-1.2872,1.314,1.2766,1.3437,-1.4447,-1.2669,-1.5378,-1.2385,-1.3758,-1.181
MA12,1.1968,-1.1163,-1.2073,-1.1264,1.0421,1.203,1.1253,1.1671,1.151,1.2442
MA13,-0.5649,0.4634,0.5991,0.4792,-0.3789,-0.4603,-0.4808,-0.5769,-0.3871,-0.6421
MA14,0.2983,-0.2657,-0.417,-0.2618,0.3316,0.3212,0.3125,0.265,0.2721,0.2741
MA15,-0.9173,0.8279,0.825,0.8497,-0.7342,-0.914,-1.0056,-0.9077,-0.8815,-0.8037
MB1,-0.3645,0.0705,0.9785,0.1963,0.5707,0.9682,-0.9609,-0.0297,0.2063,0.2012
MB2,1.2039,-0.9712,-1.1326,-1.0409,0.4204,0.8764,0.8916,-0.4274,-0.4995,-0.2971
MB3,0.5836,-0.0512,-1.2618,-1.221,1.3198,0.2873,1.6115,-1.5906,-1.5033,-1.6303
MB4,-1.853,1.9333,1.079,0.6035,-1.7239,-1.9789,-1.7777,1.6426,1.5239,1.4643
MB5,0.2735,-0.4846,0.4399,-1.1505,-0.4312,0.0569,-0.105,0.2899,-0.0394,0.0959
MB6,1.3545,-0.6519,0.045,-0.6651,1.1929,1.2365,1.1539,-1.0406,-1.0537,-0.6409
MB7,-0.7277,-0.2109,1.8114,0.627,-0.9202,-0.7495,-0.7313,1.0889,1.4455,0.531
MB8,-1.4986,1.6671,1.4236,1.6527,-1.4253,-1.5962,-1.3332,1.494,1.1997,1.6397
MB9,1.3279,-0.8115,-1.1398,-1.0018,1.1476,1.1772,1.1191,-1.3787,-1.8013,-1.883
MB10,-0.267,0.1541,0.2389,1.2299,-0.175,-0.0002,0.0045,-0.1524,-0.4263,-0.5778
MB11,0.9203,-1.6783,-0.8885,-0.7434,1.0319,0.8093,0.7861,-0.9625,-0.6145,-0.662
MB12,0.5216,-0.9104,-0.5294,-0.4067,0.6156,0.535,0.5061,-0.353,0.2534,-0.1708
MB13,-0.4442,0.2681,-0.9674,-0.1404,-0.4492,-0.3963,-0.2953,0.1895,0.2743,0.3976
MB14,-0.143,0.9448,-0.3068,0.4155,-0.033,-0.1551,-0.0613,0.2713,0.4625,0.7766
MB15,-0.8872,0.7319,0.2101,1.6449,-1.1412,-1.0707,-0.808,0.9588,0.5723,0.7555
MC1,-0.6088,1.5871,0.2939,0.8292,0.229,0.4103,-0.2272,-0.1072,0.0192,-0.0969
MC2,0.029,0.11,0.1183,0.2618,-0.6645,-0.0771,-1.6513,-0.9033,-0.426,-0.8153
MC3,0.4994,-0.703,0.0151,-0.1668,0.3611,1.3271,0.6751,0.5179,0.6188,0.4677
MC4,-1.3988,1.4971,1.3663,1.3826,-1.0337,-1.7135,-0.152,-1.2848,-1.5168,-1.3805
MC5,1.6943,-1.3033,-1.1551,-1.1557,1.6855,0.968,1.8986,1.9166,1.7614,2.0107
MC6,0.1082,0.384,-0.6725,-1.3964,0.1449,0.2517,0.1363,0.24,0.1153,0.3134
MC7,-0.0943,-0.1236,0.1049,-0.3336,-0.2676,-0.0514,-0.2315,-0.2444,-0.205,-0.2501
MC8,0.8114,-1.2263,-1.0787,-0.9379,1.1808,0.9584,0.9833,0.899,0.9367,0.7605
MC9,1.6441,-0.7148,-1.379,-1.0117,1.4875,1.2128,1.2642,1.383,1.4403,1.4382
MC10,-0.6499,-0.2084,0.1465,0.9012,-0.6535,-0.6089,-0.6079,-0.6255,-0.6979,-0.6627
MC11,-1.1279,1.1095,1.8837,1.4036,-1.271,-1.4021,-1.0817,-1.1259,-1.2811,-1.2109
MC12,1.2833,-1.2406,-1.458,-1.356,1.2424,1.0745,1.1358,1.2755,1.184,1.1013
MC13,-1.0944,1.3679,1.1049,1.1033,-1.1535,-1.2698,-1.0053,-1.0066,-1.024,-0.9922
MC14,-0.6712,-0.1471,0.3261,0.4006,-0.747,-0.6968,-0.6548,-0.5226,-0.5582,-0.4264
MC15,-0.4246,-0.3885,0.3837,0.0757,-0.5404,-0.3833,-0.4815,-0.4117,-0.3668,-0.2569
MD1,-1.2576,1.8178,1.5269,1.076,-1.1952,-0.8128,-1.7035,-1.3889,-0.6097,-2.0626
MD2,0.0673,-0.5957,-0.5343,-0.9892,-0.029,0.3776,0.6283,0.1677,-0.0837,0.1372
MD3,0.0348,-0.3649,-0.0951,0.0438,-0.627,-0.008,0.184,-0.2335,-0.3895,-0.6523
MD4,-1.6226,1.629,1.65,1.9586,-2.1707,-1.3584,-1.1662,-2.0576,-1.8695,-1.2186
MD5,-0.8689,0.5584,0.7698,0.6083,-0.062,-0.9848,-0.3591,0.0376,0.377,-0.0261
MD6,0.4325,-0.7636,-1.2074,-0.7227,0.4187,0.1779,0.2594,0.5466,0.7806,0.4258
MD7,1.5588,-1.1119,-1.0181,-1.1155,1.4549,1.7819,1.54,1.3565,1.5797,1.346
MD8,0.3548,-0.7264,-0.5946,-1.0903,0.4571,0.1035,0.1505,0.372,0.6583,0.3822
MD9,-1.1994,1.5727,1.1484,0.8451,-0.9016,-1.1936,-1.3043,-1.01,-1.4822,-0.9463
MD10,1.9364,-1.1178,-1.4076,-1.6505,1.7,2.0376,1.7843,1.6648,1.38,1.1663
MD11,-0.3842,-0.1467,-0.049,0.2606,-0.2534,-0.4497,-0.5825,-0.4342,-0.8013,-0.3474
MD12,0.6323,-0.393,-0.3643,0.1594,0.8068,0.8474,0.8702,0.8438,0.4178,1.2371
MD13,0.4491,-0.6689,-0.3093,-0.449,0.4571,0.2002,0.3183,0.3163,0.2791,0.5946
MD14,0.3432,-0.3446,-0.6416,0.0858,0.3797,0.0703,0.1617,0.4872,0.6787,0.8233
MD15,-0.4766,0.6557,1.1262,0.9798,-0.4355,-0.7891,-0.7811,-0.6682,-0.9154,-0.8592
ME1,-0.022,-0.5417,-0.4685,-1.0286,-0.4553,-0.1649,-1.6059,0.0398,0.121,0.144
ME2,0.6268,-1.0798,-0.4473,-1.0202,1.4358,-0.5079,0.3002,0.6658,0.4631,0.3418
ME3,-1.5018,-0.0189,0.5604,0.174,-0.169,-0.779,-0.4365,-0.4927,-0.4843,-0.6077
ME4,0.937,-1.2078,-1.4154,-1.204,0.84,0.9947,1.6292,1.0587,0.9674,0.8739
ME5,1.6196,-1.5431,-1.4018,-1.371,1.4018,2.5178,1.0975,1.5557,1.5899,1.5818
ME6,0.9195,-0.7734,-0.8403,-0.6578,0.8205,0.7735,0.9996,0.8469,0.888,0.6549
ME7,0.067,-0.0021,-0.0512,0.2242,-0.0698,-0.0837,0.0922,0.0771,0.2421,0.2075
ME8,-1.5301,1.5251,1.7319,1.3199,-1.5107,-1.2742,-1.2807,-1.7271,-1.8761,-2.047
ME9,-0.9784,1.1517,0.6787,1.4017,-1.0019,-0.7936,-0.7419,-1.2015,-1.2428,-1.0982
ME10,-0.0247,-0.1637,0.3525,0.4229,-0.279,-0.1997,-0.0626,0.0382,0.121,0.1221
ME11,0.5526,0.0893,-0.4533,-0.4323,0.439,0.3492,0.5299,0.4893,0.5659,0.5024
ME12,1.0814,-0.7018,-0.8297,-0.6761,1.1003,0.8951,1.1786,0.9649,1.0365,1.0906
ME13,0.2289,0.728,-0.1255,0.2576,0.0365,0.1544,0.3336,0.1984,-0.1748,0.3856
ME14,-0.6547,0.9764,0.8942,1.061,-0.9509,-0.6551,-0.6772,-0.9024,-0.7459,-0.6077
ME15,-1.321,1.5617,1.8154,1.5287,-1.6374,-1.2265,-1.3563,-1.6112,-1.4712,-1.5441
MF1,-0.4145,-0.3784,-0.1677,0.1635,-0.3953,0.5433,-0.1809,0.4809,0.64,0.5246
MF2,-1.7982,1.4654,1.5805,1.4777,-2.5668,-2.0603,-1.9468,-1.7256,-1.9155,-1.7565
MF3,0.6234,-0.9753,-1.267,-0.8396,1.0603,0.9115,1.3041,1.053,1.3444,1.1385
MF4,-1.3713,1.8587,1.6518,1.9681,0.0383,-1.0182,-1.7559,-1.4544,-1.4527,-0.7934
MF5,-0.9307,1.3279,1.3676,1.2954,-0.6755,-1.5841,-0.9295,-1.6253,-1.1648,-1.4974
MF6,0.2089,-0.5229,-0.6396,-0.7946,0.4167,0.3072,0.3579,0.6258,0.1052,0.4288
MF7,-0.3283,-0.3319,-0.1725,-0.4716,0.0658,-0.0841,-0.0068,0.3286,0.4446,0.9695
MF8,1.4452,-0.9013,-0.9607,-0.8514,1.1888,1.106,1.0591,0.7372,0.9639,0.2373
MF9,0.4978,-0.3374,0.3188,0.0331,0.3323,0.5886,0.5555,0.2209,0.1875,-0.4949
MF10,1.4536,-1.1757,-1.1135,-1.275,1.1425,1.1578,1.1076,1.105,1.0205,1.2117
MF11,-0.1733,-0.1228,-0.6636,-0.4243,-0.3042,-0.2102,-0.1592,0.5849,0.496,0.4119
MF12,-0.7154,0.9042,1.1355,1.09,-0.9168,-0.7276,-0.5691,-1.1907,-1.1288,-1.413
MF13,1.3208,-0.9538,-0.9036,-0.9262,1.0955,1.0312,1.0139,0.7818,0.1155,0.9977
MF14,0.6182,-0.6685,-0.1407,-0.1852,0.2158,0.4851,0.4968,0.3843,0.8199,0.4739
MF15,-0.4362,0.8117,-0.0253,-0.2598,-0.6973,-0.4463,-0.3466,-0.3066,-0.4758,-0.4386
MG1,-2.028,2.125,2.9322,2.7872,-0.6558,-1.7338,0.4209,-1.4835,-1.9515,-1.6443
MG2,0.5773,-0.2426,-0.3233,-0.3268,0.4191,0.7631,0.2244,0.6192,1.1371,0.9706
MG3,1.3232,-0.5938,-0.6767,-0.8466,1.2335,-0.059,0.8556,0.7343,0.4565,1.2873
MG4,-1.3884,1.9154,0.984,1.1865,-1.4261,-1.1877,-1.5795,-1.3201,-1.014,-0.6319
MG5,1.5157,-1.1708,-1.0693,-1.1529,1.6934,1.6039,1.6509,1.8674,1.6843,1.6227
MG6,-0.7396,-0.0673,-0.3075,-0.0483,-0.9005,-0.6979,-0.9253,-0.6142,-0.3096,-0.4455
MG7,-0.48,-0.2966,0.1777,0.0701,-0.4714,-0.4406,-0.6843,-0.5585,-0.4524,0.1259
MG8,-0.1884,0.2224,0.0464,-0.0254,-0.3546,-0.1945,-0.4375,-0.4545,-1.014,-0.6629
MG9,0.0687,0.0748,-0.0618,-0.1258,-0.1666,0.0677,-0.182,0.1919,0.6707,0.3184
MG10,-0.6476,0.5838,0.3212,0.1108,-1.0713,-0.863,-1.2015,-0.8891,-1.0282,-1.0791
MG11,1.0025,-0.6414,-0.8543,-0.8412,1.0458,1.2397,1.1375,0.9832,0.1567,0.542
MG12,0.0036,-1.315,-0.7375,-1.1214,0.6676,0.8686,0.7755,0.8383,0.5708,0.7408
MG13,-0.4656,0.5599,0.7328,0.7502,-1.4255,-1.0485,-1.3896,-1.1566,-0.3049,-1.5263
MG14,0.9146,-1.0379,-0.5314,-0.3093,0.8908,1.116,0.9024,0.8904,1.2322,0.6911
MG15,0.532,-0.116,-0.6323,-0.1074,0.5216,0.5662,0.4323,0.3517,0.1662,-0.3089
MH1,1.6725,-1.5898,-0.9096,-0.8609,2.3428,2.4981,1.697,2.2879,2.3373,2.0653
MH2,0.0795,-0.0082,-0.381,-0.4173,-0.4681,-1.5691,0.7698,-0.4726,0.3157,-0.3952
MH3,-1.594,1.1879,1.3049,1.8263,-0.8681,-1.3611,-2.4451,-1.4348,-1.815,-1.202
MH4,-0.0464,0.0949,-0.2106,-0.2617,-0.8179,-0.3176,-0.3948,-0.8293,-0.5525,-0.8015
MH5,-1.4595,1.2773,1.6093,2.0054,-1.2472,-0.7757,-0.7831,-0.9964,-0.1708,-1.1334
MH6,-0.3405,-0.2313,-0.1921,0.5139,-0.0417,0.0677,-0.0093,-0.0453,-0.7748,-0.1148
MH7,-0.1594,0.048,0.0586,0.1955,-0.1371,-0.087,-0.1387,-0.0825,0.0598,-0.378
MH8,-0.5204,0.732,0.5356,0.1679,-0.4468,-0.268,-0.44,-0.48,-0.3931,-0.2293
MH9,1.1042,-1.1189,-0.937,-1.1999,1.1051,0.779,0.9384,1.0321,0.991,0.8236
MH10,0.8099,0.4078,-1.321,-0.9567,0.4852,0.5165,0.5076,0.512,0.064,0.7549
MH11,0.4882,-1.3974,-0.7216,-0.7568,0.3287,0.3459,0.3784,0.6346,-0.1247,0.137
MH12,0.1153,-0.6761,-0.5798,-0.4665,0.0804,0.1727,0.12,0.055,-0.7916,0.3773
MH13,1.5646,-1.0023,-0.9797,-1.0365,1.415,1.0387,1.1538,1.3033,1.4481,1.7277
MH14,-0.6739,0.6874,1.6891,0.2168,-0.7564,-0.4335,-0.5693,-0.6175,-0.024,-1.1849
MH15,-1.0402,1.5886,1.0347,1.0305,-0.974,-0.6067,-0.7847,-0.8664,-0.5693,-0.4467
MI1,-0.6764,1.3446,0.8156,1.3838,-1.1278,-1.8254,-1.8706,-1.5568,-1.1835,-1.311
MI2,1.3347,-0.8835,-0.3707,-0.6662,1.2847,-0.5222,0.86,0.9089,0.9634,0.8872
MI3,-1.0866,0.5397,0.1254,0.6297,-0.7408,-0.1414,0.0957,-0.1405,-0.1049,-0.2205
MI4,1.7287,-1.448,-1.4392,-1.1371,0.8513,1.4694,2.0945,1.4301,1.4813,1.5275
MI5,-1.0215,0.8864,0.9658,0.7076,-0.09,-1.0386,0.3513,-0.5142,-0.5436,-0.5938
MI6,0.0063,-0.577,-0.9319,-0.5104,0.3064,0.3092,-0.1616,0.5283,0.5598,0.439
MI7,-1.3088,0.9133,1.4845,0.7642,-1.1796,-0.7757,-0.9149,-0.865,-0.9964,-0.8608
MI8,-0.4883,0.4509,0.6682,0.6474,-0.5855,-0.3413,-0.5725,-0.3594,-0.294,-0.2026
MI9,1.003,-1.2034,-1.2423,-0.8113,1.0481,1.189,0.7288,1.1174,1.2367,1.0601
MI10,0.4565,-1.1724,-0.5974,-0.6013,0.6772,0.8251,0.3315,0.7457,0.7316,0.6868
MI11,-1.1622,0.9164,1.0267,0.6651,-1.0657,-0.5574,-0.778,-1.0355,-1.0986,-1.0337
MI12,1.1704,-1.0806,-1.6235,-1.4026,1.4538,1.619,1.1287,1.2065,1.3721,1.2445
MI13,0.0878,0.1382,-0.1439,0.5069,-0.1416,0.0247,-0.326,0.0071,-0.1873,0.0106
MI14,-0.5935,1.4024,0.9856,1.4098,-1.5501,-0.9139,-1.1752,-1.6975,-1.5654,-1.8745
MI15,0.5498,-0.2271,0.277,-1.5855,0.8597,0.6796,0.2082,0.2249,-0.3712,0.2411
MJ1,-1.0611,1.646,1.2007,0.9772,-1.4245,-1.5124,-0.893,-1.0891,-0.7325,-1.062
MJ2,1.319,-1.4773,-1.4427,-1.0629,0.3771,0.0938,0.5019,0.9187,0.6643,0.8842
MJ3,0.8247,-1.6115,-0.4289,-0.9976,0.2496,-0.9466,1.066,0.7307,0.3473,0.5056
MJ4,-1.7401,1.108,1.8954,2.1711,-1.1669,-1.2615,-1.9717,-1.8669,-1.5223,-1.5495
MJ5,0.0953,-0.8888,-0.5198,-0.1867,-0.4141,-0.1976,0.713,0.3107,0.1201,0.1427
MJ6,0.3161,-1.2385,-0.9459,-0.7935,0.532,0.5821,0.2927,0.5134,0.6741,0.6423
MJ7,-1.0083,0.8679,1.1785,-0.3607,-1.1116,-0.7334,-1.0663,-0.8801,-1.0711,-1.2084
MJ8,0.3736,-0.2117,-1.265,-0.2718,0.773,0.8258,0.5807,0.2418,0.3397,0.3605
MJ9,0.0713,0.0012,0.0174,-0.6065,0.4589,0.435,0.1481,0.0343,-0.3094,-0.3254
MJ10,-0.4997,0.5589,0.0699,-0.6078,-0.097,-0.077,-0.4012,-0.4741,-0.5485,-0.704
MJ11,-1.6801,1.2385,1.2452,2.0024,-1.8968,-1.4956,-1.7313,-1.6392,-1.5212,-1.4503
MJ12,1.3837,0.197,-0.1785,-0.005,1.5583,1.588,1.1745,1.4271,1.8642,1.57
MJ13,0.9543,-0.3115,-0.0048,-0.2927,1.0871,1.2127,0.9432,1.1255,1.4314,1.2108
MJ14,0.4768,-0.2327,0.1466,-0.4849,0.773,0.9548,0.6396,0.7307,0.6719,0.8733
MJ15,0.1745,0.3546,-0.9681,0.5194,0.3019,0.5318,0.0035,-0.0834,-0.4079,0.1101
MK1,-0.3438,0.9055,1.2937,0.6887,-1.2987,-1.3282,-0.2878,-0.828,-0.7868,-0.4429
MK2,1.2318,-0.4974,-0.3032,-0.1351,0.6854,0.5601,1.2556,0.9902,0.9746,0.9969
MK3,-0.3861,0.7621,0.1851,0.8407,-0.7627,0.353,-1.1555,-0.1397,-0.3258,0.0377
MK4,1.4271,0.0163,-0.3529,-0.1314,1.6707,1.4231,0.719,1.1954,1.3564,1.4089
MK5,-1.2797,1.2492,1.6192,1.7189,-0.9924,-0.5636,-1.5161,-1.6767,-1.6887,-1.5504
MK6,0.0404,-0.9952,-0.9273,-1.3736,0.1164,0.0292,0.2325,0.5893,0.5773,0.2231
MK7,0.8477,-1.3636,-1.1609,-0.912,0.9183,0.8295,0.938,0.8626,0.7149,0.7243
MK8,-1.0144,0.4645,0.3727,0.2139,-0.4252,-0.7376,-0.4897,-0.3402,-0.4083,-1.1501
MK9,-0.2249,-0.1998,-0.7014,-0.8538,-0.0262,-0.1107,0.0007,0.0387,0.0657,-0.1772
MK10,0.2373,-0.9155,-0.6018,-0.4429,0.3761,0.4354,0.5181,0.328,0.241,0.3103
MK11,-0.6449,1.3059,1.1003,0.7844,-0.7858,-0.9798,-0.8256,-1.2169,-1.0576,-0.9023
MK12,1.1163,-1.2148,-0.8278,-0.9345,1.066,1.0489,1.1898,0.7871,0.8175,0.9097
MK13,-1.3057,1.2049,1.5043,1.5481,-1.1489,-1.4429,-1.1615,-1.4962,-1.4361,-1.3355
MK14,1.4288,-1.3495,-1.429,-1.4393,1.538,1.6131,1.5426,1.4553,1.5395,1.5963
MK15,-1.1299,0.6274,0.2291,0.4278,-0.931,-1.1295,-0.96,-0.5487,-0.5836,-0.6489
ML1,0.5166,-0.2105,-0.328,-0.6982,0.0136,-0.0076,0.4769,0.3945,0.2979,0.46
ML2,1.984,-1.0203,-0.7373,-0.5831,1.7996,0.9347,0.9094,1.2895,1.2936,1.1714
ML3,0.8972,-0.9455,-0.0277,-1.2709,1.2869,-0.1338,0.19,0.5849,0.5311,0.6217
ML4,-0.2847,-0.3708,0.4889,-0.4777,-0.7612,0.3415,-0.1393,0.0625,-0.2179,-0.0741
ML5,-1.1545,1.1975,1.6665,1.3987,-1.168,-1.204,-2.0152,-1.467,-1.3478,-1.5415
ML6,-1.2326,0.8086,0.6114,1.1759,-0.7847,-0.9521,-0.7947,-0.9224,-0.9539,-0.8629
ML7,0.6859,-0.7361,-1.0443,-1.0768,0.8577,1.2953,1.174,0.9953,1.0587,1.0542
ML8,0.3053,-0.6015,-1.3328,-0.4945,0.5671,0.8441,0.8204,0.7565,0.907,0.7385
ML9,-0.7644,0.6633,1.3092,-0.0128,-0.6601,-0.7419,-0.5939,-0.6462,-0.6264,-0.5589
ML10,0.7202,-1.1057,-1.1483,-0.6239,1.0192,1.497,1.3508,1.1295,1.243,1.183
ML11,-1.2097,1.5799,1.2303,1.1088,-1.1768,-1.3525,-1.1243,-1.5778,-1.5164,-1.676
ML12,-0.6654,1.0329,0.5795,0.7133,-0.8861,-0.941,-0.7707,-0.757,-0.7786,-0.6757
ML13,1.2512,-0.5417,-0.7943,-0.1757,0.7286,1.0903,0.9972,1.0322,1.0571,0.9677
ML14,-0.0944,-1.1677,-1.0929,-0.8899,0.2764,0.4792,0.4669,0.2927,0.1698,0.306
ML15,-0.9547,1.4175,0.6198,1.9068,-1.1122,-1.1491,-0.9475,-1.1674,-1.1174,-1.1133
MM1,-0.6006,1.1805,1.3019,1.0994,-1.9052,-1.0179,-1.8516,-1.029,-0.6095,-0.7296
MM2,-0.196,-0.7496,-0.8863,-0.7916,0.4495,0.3271,0.5422,-0.0924,-0.5709,-0.539
MM3,-1.3807,1.3938,1.3776,1.3169,-0.441,-1.2225,-0.9731,-0.9695,-0.7897,-0.8808
MM4,1.1947,-1.0485,-0.9644,-0.8976,1.0185,1.3821,0.8838,1.1192,1.0458,0.9268
MM5,0.6266,-0.869,-0.6317,-0.578,1.1608,0.7068,-0.0241,0.7289,1.1487,1.2883
MM6,1.5801,-0.9379,-0.8613,-0.9553,0.8465,1.3821,1.4346,2.0446,1.1916,1.3737
MM7,-1.235,1.3449,1.3669,1.2106,-1.094,-1.2225,-0.9731,-1.1516,-2.162,-1.1108
MM8,0.3803,-0.5643,-0.5898,-0.2699,0.4293,0.3271,0.5421,0.1752,0.2181,0.447
MM9,-1.3825,1.3073,1.3905,1.408,-1.564,-1.2225,-0.9731,-1.2594,-0.3394,-1.663
MM10,1.5079,-1.0304,-0.9222,-1.0399,1.0782,1.3821,1.4346,1.45,1.7062,1.3277
MM11,-0.2034,-0.3687,-0.5813,-0.3839,0.039,-0.2739,-0.0239,-0.2745,-0.1464,-0.1775
MM12,0.7565,-0.7888,-0.8386,-0.9933,0.8465,0.7068,0.884,0.413,0.1495,0.9925
MM13,0.2206,-0.5251,-0.5059,-0.7314,0.4293,0.3271,0.5421,0.0562,0.3682,-0.3286
MM14,-0.8018,0.6481,0.2545,0.1638,-0.3782,-0.564,-0.4714,-0.6239,-0.9097,-0.9531
MM15,-0.4666,1.0077,1.0902,1.4422,-0.915,-1.0179,-0.9731,-0.5867,-0.3008,0.0263
MN1,-2.34,1.3063,1.7565,1.5616,-1.1072,-1.2792,-1.0075,-1.5942,-1.505,-1.5322
MN2,0.3529,0.3638,-0.1745,-1.0055,-0.0775,0.9301,-0.3396,-0.0969,-0.0451,0.0097
MN3,0.8428,-1.228,-0.6,-1.135,0.4573,0.6862,1.2148,0.6351,0.5355,0.4985
MN4,0.1559,-0.4776,-0.2029,-0.3147,0.3202,0.1507,-0.2662,-0.1674,-0.5476,-0.3631
MN5,-0.2424,0.9648,0.2609,-0.7189,-0.985,-1.0238,-0.676,-0.6133,-0.279,-0.4034
MN6,1.4168,-1.2954,-1.4555,-1.0356,1.6171,1.5383,1.5468,1.3188,1.3369,1.5869
MN7,-0.8973,0.4348,1.3197,1.4146,-1.3197,-1.1413,-1.3157,-0.9923,-0.7555,-0.9174
MN8,0.4478,-1.5483,0.2905,-0.84,0.0119,0.4373,-0.0203,-0.0708,0.1369,0.1156
MN9,-0.4957,-0.1971,0.9381,0.4706,-0.8582,-0.6432,-0.871,-0.97,-0.9202,-1.2197
MN10,-1.1111,1.2313,1.1877,1.3588,-1.317,-1.3903,-1.3131,-0.7879,-1.2277,-0.9678
MN11,-0.2953,0.244,0.1564,0.5342,-0.2119,-0.4216,-0.2296,-0.5019,-0.6342,-0.3178
MN12,0.506,0.888,-0.6763,-0.4548,0.7254,0.4923,0.6811,1.2445,1.1896,1.4358
MN13,0.0769,0.4341,-0.4183,0.2007,0.3662,0.0154,0.3313,0.598,0.6438,0.5691
MN14,-0.0781,0.4422,-0.6058,1.0465,0.439,-0.168,0.4018,-0.0486,0.0459,-0.1666
MN15,1.6607,-1.563,-1.7765,-1.0825,1.9393,1.817,1.8631,2.047,2.0257,1.6726
MO1,-0.6211,0.188,0.2427,-0.3758,-0.6672,-0.7858,-1.4369,-0.1836,-0.0954,-0.0776
MO2,1.187,-1.4063,-0.7909,-0.6486,0.7709,-0.048,1.7749,1.1426,1.0769,1.1545
MO3,0.314,-0.7077,-0.5512,-0.9512,-0.672,0.7206,0.1622,0.5317,0.5911,0.4912
MO4,1.7446,-1.4229,-1.3736,-1.1658,2.533,2.7152,1.4034,1.4117,1.3833,1.3885
MO5,-0.8138,1.5128,1.4558,1.1058,-0.8527,-0.4975,-1.1209,-0.9079,-1.0901,-1.0577
MO6,-0.2037,-0.8922,-1.1069,-0.9765,-0.0036,-0.1428,-0.0801,0.1549,0.3298,0.1574
MO7,0.7282,-0.2246,-1.0545,-0.6098,0.5871,0.4123,0.6143,0.7732,0.7718,0.824
MO8,0.3539,-0.009,-0.5877,-0.6411,0.2919,0.1917,0.3297,0.6114,0.6418,0.5813
MO9,-1.3348,0.6648,1.0207,1.1863,-1.0418,-1.1027,-1.0031,-1.4055,-1.3952,-1.4122
MO10,1.0229,-0.6641,-0.1352,-0.3117,0.9155,0.8007,1.0557,0.952,0.9075,0.9542
MO11,-1.177,1.1417,1.3922,1.8183,-0.7911,-0.7858,-0.6538,-1.1736,-1.2595,-1.1818
MO12,0.4303,1.6869,1.4732,1.3205,-0.1913,-0.2151,-0.1687,-0.7139,-0.8261,-0.9886
MO13,-1.5705,0.9696,0.7968,0.9329,-1.3051,-1.3896,-1.2928,-1.697,-1.5759,-1.5116
MO14,0.6167,-0.463,-0.7179,-0.8692,0.7403,0.5896,0.8021,0.8803,0.8156,0.8577
MO15,-0.6768,-0.3739,-0.0637,0.1861,-0.314,-0.4629,-0.386,-0.3765,-0.2757,-0.1794
MP1,0.7476,-0.4128,-0.2577,-0.3068,1.1008,-0.039,0.3385,0.2757,0.4034,0.1522
MP2,-1.6244,2.4981,2.9755,2.8487,-2.4514,-1.4411,-1.4035,-2.0165,-1.6908,-1.8165
MP3,1.2241,-0.7906,-0.7776,-0.863,0.9487,1.3062,1.7018,1.4497,1.5978,1.6043
MP4,0.7243,-1.0581,-0.7954,-0.6065,-0.192,0.3177,-0.3369,0.1723,-0.315,-0.0023
MP5,0.557,-1.1532,0.0153,-0.4232,-0.4822,0.9521,0.8149,0.7402,0.809,0.5915
MP6,0.3346,-0.6844,-0.4461,-0.3674,0.2955,0.6343,0.4703,0.3842,0.2636,0.2783
MP7,-1.4126,-0.2749,-0.7792,-0.7148,-1.2042,-1.3395,-1.1546,-0.9463,-1.0286,-0.9542
MP8,-0.2097,0.0754,-0.3454,0.0103,0.5674,-0.4608,-0.6042,-0.3325,-0.4421,-0.4523
MP9,-1.7748,1.8652,1.5262,1.4829,-0.9707,-1.7789,-1.705,-1.6498,-1.4875,-1.4377
MP10,-0.6417,-0.3535,-0.2154,-0.0758,0.8439,-0.6804,-0.6042,-0.5896,-0.7001,-0.6956
MP11,-0.3473,0.2078,0.3402,0.5984,-0.1539,-0.2411,-0.0538,-0.1291,-0.1616,-0.1507
MP12,0.4532,0.1209,-0.373,-0.1172,-0.419,0.6377,0.4966,0.4805,0.4875,0.4576
MP13,0.0466,0.0023,-0.1488,-0.7085,0.6032,-0.0214,-0.0538,0.0631,-0.0844,0.0466
MP14,0.4236,0.3677,-0.3032,0.1155,0.3173,0.6377,0.4966,0.5475,0.6189,0.5018
MP15,1.4995,-0.41,-0.4153,-0.8726,1.1967,1.5165,1.5973,1.5506,1.7298,1.8772
MQ1,0.8437,-0.9499,-0.4496,-0.8062,1.718,0.8657,0.8657,0.9848,0.9108,0.8644
MQ2,-0.5524,0.3616,1.276,1.033,-0.7736,0.2088,-0.5774,-0.4353,-0.1822,-0.3598
MQ3,0.3617,-0.0959,0.1097,-0.5543,0.6537,-0.157,0.7901,0.4184,0.4889,0.4599
MQ4,0.0725,-0.5598,-0.2978,-0.1393,0.5683,0.5918,0.195,0.277,0.1861,0.2842
MQ5,-1.0778,0.981,0.9094,0.8904,-0.4719,-1.0375,-0.9511,-0.935,-1.0706,-1.064
MQ6,-0.4705,0.7257,0.7116,0.8413,-0.4379,-0.5836,-0.4942,-0.6953,-0.6066,-0.62
MQ7,-1.1935,0.9564,0.8208,1.2151,-1.1091,-1.2588,-1.1346,-1.1523,-1.1934,-1.2047
MQ8,1.1248,-0.2333,-0.1665,-0.0157,0.9044,1.1922,1.2141,1.092,1.0297,1.0423
MQ9,-0.6922,0.8371,1.1123,1.3593,-1.1091,-0.7971,-0.8145,-0.7915,-0.7766,-0.8092
MQ10,0.6332,-0.5987,-1.1607,-1.1373,0.2333,0.4376,0.5756,0.6332,0.4046,0.5529
MQ11,-1.036,0.7218,0.3587,0.1934,-1.1091,-1.1056,-1.2629,-1.0515,-1.0284,-0.9872
MQ12,-0.3934,0.4186,-0.4394,-0.1013,-0.4379,-0.4304,-0.2806,-0.5896,-0.4817,-0.4933
MQ13,0.879,-1.2466,-1.1675,-0.8332,0.9044,0.8972,1.0006,1.0948,1.0791,1.183
MQ14,-0.7934,1.0743,0.6843,0.2932,-1.1091,-0.941,-1.028,-0.903,-0.9411,-0.9301
MQ15,2.2944,-2.3922,-2.3014,-2.2383,1.5756,2.1176,1.9022,2.0533,2.1814,2.0818
MR1,1.6869,-1.821,-2.1167,-1.7682,2.2477,0.6952,2.2227,2.5537,2.3802,2.896
MR2,-0.1542,1.2694,1.0788,0.9681,0.2306,-0.1685,-0.9774,-0.2912,-0.4656,-0.1308
MR3,1.1953,-1.2327,-1.1935,-1.5086,1.0175,1.9931,1.1412,1.161,0.7384,0.4982
MR4,-0.7105,0.5494,0.5951,0.7818,-0.3329,-0.8049,-0.6911,-0.1315,0.0227,-0.218
MR5,-0.1521,0.5937,0.7612,1.0123,-0.7178,-0.661,-0.0935,-0.9151,-1.1139,-0.6041
MR6,-0.4776,1.0841,0.996,0.7,-0.2445,-0.4963,-0.4938,-0.7257,-0.2341,-0.7411
MR7,0.3244,0.5962,0.6783,1.0056,-0.2445,0.2571,0.1395,-0.3766,-0.4656,-0.8844
MR8,-0.8266,0.0681,0.0483,-0.4215,-1.2961,-0.9015,-0.8201,-0.7443,-0.5119,-0.7598
MR9,0.5049,-0.3666,-0.5918,-0.464,0.8071,0.4587,0.4205,0.4739,-0.0783,1.1459
MR10,-1.5967,1.1087,1.3894,1.2286,-1.2961,-1.282,-1.1928,-1.2457,-1.0592,-0.7909
MR11,0.9641,-0.9851,-0.4779,-0.6292,0.8071,1.0601,0.8359,0.2362,-0.053,0.2429
MR12,-1.642,1.0095,0.7583,0.6089,-1.2961,-1.3543,-1.2592,-0.904,-1.3918,-0.5481
MR13,0.2466,-0.8131,-0.7665,-0.5871,-0.2445,0.3447,0.2707,0.1991,0.4732,0.0934
MR14,1.1741,-1.1577,-0.8959,-1.1981,0.8071,1.4313,1.0546,1.0719,1.5719,0.492
MR15,-0.5367,0.0973,-0.2632,0.2715,-0.2445,-0.5718,-0.5573,-0.3617,0.1869,-0.6913
MS1,1.5007,-2.3645,-2.2802,-2.39,2.1102,2.5107,2.473,2.5278,1.7195,2.2997
MS2,0.6559,-1.6425,-1.9635,-1.8044,1.5517,0.1123,1.1832,1.2944,2.0051,1.4038
MS3,-0.7931,0.5991,0.0989,0.7446,-0.6073,-0.1958,-0.3572,-0.5521,0.0768,-1.2666
MS4,0.1928,-1.0876,0.0294,0.3275,-0.3613,0.6287,0.0382,-0.1508,-0.1553,-0.728
MS5,1.3034,-0.428,-1.0363,-0.9393,1.1584,1.6892,1.0658,1.038,1.4963,0.7461
MS6,-2.1609,1.2177,0.726,0.9496,-1.4181,-1.2015,-1.4425,-1.2803,-1.5168,-1.1816
MS7,0.7826,-0.3556,0.4271,0.5053,0.3035,0.2213,0.3598,-0.0617,-0.3696,-0.5636
MS8,0.4858,0.2098,0.4392,0.0598,0.1254,-0.1241,-0.0782,0.2133,-0.0348,-0.0079
MS9,-0.6418,0.5691,0.5123,0.6645,-0.6464,-0.7599,-0.6845,-0.8344,-0.8651,-0.5296
MS10,-0.136,0.4371,-0.008,0.0565,-0.1715,-0.4284,-0.2803,-0.0951,-0.508,0.1905
MS11,-1.2587,0.7324,1.0633,0.6821,-1.0619,-1.0655,-1.0383,-0.957,-0.1196,-0.4162
MS12,0.5722,0.3294,0.3692,0.2577,0.2441,0.0644,0.1745,-0.0728,-0.1018,0.6554
MS13,0.4619,0.525,0.5364,0.6276,-0.0527,-0.3132,-0.2129,-0.4258,-0.0973,-0.127
MS14,-0.9374,0.859,1.0682,0.8088,-1.24,-0.9174,-1.1393,-0.9645,-0.9945,-1.0398
MS15,-0.0274,0.3998,0.0182,-0.5503,0.066,-0.2209,-0.0613,0.321,-0.5348,0.5647
MT1,-1.9145,1.8845,1.2386,1.2128,-1.9292,-1.5693,-1.5903,-1.3009,-1.2738,-1.0397
MT2,-0.8239,1.1795,0.5183,0.8892,-0.0798,-0.7671,-1.1011,-0.4393,-0.4567,-0.3416
MT3,-0.5007,0.1373,0.5565,1.0534,0.4501,0.4917,-0.0723,0.0213,0.8426,0.0479
MT4,-0.0596,-0.4624,-0.6556,-0.1832,-0.5239,0.8026,0.245,0.2813,0.1683,-0.3518
MT5,0.8034,-0.8978,-0.5959,-0.6137,0.8843,0.9669,1.1783,0.415,0.124,0.918
MT6,-0.367,-0.6965,0.0976,0.1077,0.0597,0.0405,-0.3333,-0.0047,0.0108,0.0529
MT7,-0.6472,-0.3991,0.4814,0.4293,-0.4985,-0.4487,-0.6241,-0.1384,-0.5404,0.0884
MT8,2.4438,-1.9977,-2.4373,-2.0145,1.992,1.8422,2.1281,1.6815,1.8861,1.7476
MT9,0.8343,-0.0258,-0.9688,-1.2534,0.8326,0.6989,0.7572,1.3361,1.2216,0.7561
MT10,0.6838,-0.8559,-1.0105,-0.43,0.9614,0.8291,0.9026,1.4401,1.2561,1.3784
MT11,0.4842,-0.4261,0.3653,-1.1947,0.4891,0.4028,0.5287,0.0324,-0.127,-0.028
MT12,0.3743,-0.0828,-0.1348,-0.4927,0.2315,0.1643,0.3521,0.0399,0.1093,0.3818
MT13,-0.1886,1.1112,1.255,1.0575,-1.0137,-1.1945,-0.8214,-1.5015,-1.2738,-1.9352
MT14,-0.4445,0.6015,0.1961,0.272,-0.6702,-0.8237,-0.541,-0.1681,-0.2845,-0.1292
MT15,-0.6778,0.9302,1.0938,1.1604,-1.1855,-1.4356,-1.0084,-1.6946,-1.6626,-1.5456
MU1,1.0605,-1.2989,-1.6598,-1.2528,-0.1523,1.5354,1.5047,-0.4335,-0.0597,-0.5216
MU2,0.0521,-0.7718,-0.559,-0.411,0.2998,-0.1697,-0.4774,0.239,0.5571,0.2256
MU3,-1.4505,0.1215,-0.0368,0.7708,-0.361,-1.2296,-0.8097,1.6844,1.2169,1.789
MU4,1.0811,-1.0718,-1.2655,-1.2646,2.2579,1.4061,1.5797,-1.6968,-1.1271,-1.1055
MU5,-1.6089,1.6091,1.3511,0.8652,-0.9042,-0.6991,-0.8961,1.0267,1.6031,1.0544
MU6,-1.3125,1.1537,1.4945,1.2294,-1.02,-1.0963,-1.0737,1.3686,1.4314,1.0607
MU7,-0.2147,-0.5208,0.8773,0.6358,0.0769,-0.0345,0.0335,-0.2737,-0.1563,0.2507
MU8,-0.7333,0.8195,0.2219,0.8187,-0.7826,-0.8107,-0.801,0.9896,1.2491,0.5584
MU9,0.3863,0.3705,-0.1143,-0.1247,-0.1874,0.5016,0.3473,-0.5152,-1.0359,-1.319
MU10,1.4743,-0.8764,-0.708,-1.6566,1.3295,1.1892,1.2513,-1.2249,-1.3149,-0.5781
MU11,-0.2701,0.2929,-0.0975,0.7201,-0.3214,-0.3368,-0.3102,0.0384,-1.1271,0.6212
MU12,0.8121,-1.2677,-0.4884,-0.8613,1.0087,0.8083,0.7736,-0.9276,-0.5747,-1.2939
MU13,-0.3626,1.1873,1.3794,0.9529,-1.1509,-1.1737,-1.1867,0.4397,-0.403,0.2319
MU14,1.2244,-0.782,-1.1218,-1.1374,0.9357,1.0448,1.024,-1.0577,-0.3869,-1.4822
MU15,-0.1381,1.035,0.7269,0.7155,-1.0287,-0.9348,-0.9593,0.3431,0.128,0.5082
MV1,0.7322,-1.4675,-1.387,-1.462,1.2358,-0.2953,0.5286,0.8106,0.8497,0.9545
MV2,-0.1802,0.5506,0.5769,0.9653,-1.1455,-0.6294,-0.1942,-0.7802,-0.7018,-0.7966
MV3,1.0384,-1.3009,-1.2866,-1.5418,1.3266,1.7402,1.9721,1.6885,1.6045,1.5444
MV4,0.246,0.881,0.3599,0.5408,0.032,0.2004,-0.9409,-0.1297,0.126,0.0989
MV5,-1.0733,0.99,0.8553,0.7158,-0.5931,-0.8499,-0.7104,-0.9094,-1.168,-1.101
MV6,-1.6301,0.8296,0.9941,0.8355,-0.8876,-0.9552,-0.7537,-1.1468,-1.3086,-1.2814
MV7,0.0961,0.4763,0.8316,0.3335,-0.3517,-0.2388,-0.4652,-0.2588,-0.1323,-0.0468
MV8,-0.6214,0.6283,0.9992,0.4632,-0.6533,-0.6099,-0.6506,-0.5883,-0.4463,-0.5693
MV9,1.5074,-1.3821,-1.48,-1.168,1.4624,1.4574,1.361,1.3993,1.2095,1.219
MV10,0.9528,-1.1329,-0.3201,-0.8824,0.8287,0.899,0.8623,0.5188,0.5871,0.4343
MV11,-0.253,0.579,-1.0998,0.6413,-0.4996,-0.407,-0.5609,-0.1619,-0.0902,-0.1635
MV12,1.4753,-1.4411,-1.2128,-1.6032,1.599,1.8535,1.655,1.7805,1.712,1.8115
MV13,-0.7177,0.4367,0.7017,0.6643,-0.7972,-0.7237,-0.7183,-0.8215,-0.8082,-0.6915
MV14,-0.1095,0.486,0.7896,0.6106,-0.4386,-0.3404,-0.5038,-0.3606,-0.2294,-0.2477
MV15,-1.463,0.8671,0.6781,0.887,-1.1179,-1.1008,-0.8811,-1.0404,-1.2039,-1.1648
MW1,1.3271,-0.3395,-1.6807,0.6679,1.2053,1.6169,0.949,0.9569,0.8769,0.9871
MW2,0.0735,0.512,-1.239,0.164,-0.7879,-0.1619,-0.3191,-0.4106,-0.4522,-0.6193
MW3,1.1909,-1.162,-1.5097,-1.3596,1.7324,1.4352,2.1737,1.4761,1.2055,1.377
MW4,-1.1801,0.8887,1.2769,1.4597,-0.8667,-0.5979,-0.8871,-1.1843,-1.1192,-1.1314
MW5,-0.2166,-0.6001,0.4181,-0.0796,-0.3681,-0.477,0.3213,-0.0713,0.0579,0.3876
MW6,0.3355,-0.6864,0.3459,-0.0104,0.4163,0.3167,0.1541,0.414,0.4846,0.5797
MW7,-0.2314,-0.5365,0.4803,-0.2872,0.2932,0.22,0.0682,0.2783,0.3669,0.5564
MW8,-1.5397,0.9688,1.0812,0.917,-1.0395,-1.1876,-1.0746,-1.3845,-1.4282,-1.3584
MW9,0.7114,-1.0074,0.2663,-0.8834,0.7736,0.7962,0.6532,0.923,1.1565,0.9696
MW10,0.6907,-1.0608,0.12,-1.1676,0.9724,0.9221,0.8689,0.9468,0.6807,1.0802
MW11,0.6093,-1.1636,0.1968,-0.4238,0.8651,0.6991,0.5992,0.8551,1.0093,0.3702
MW12,1.0784,0.6399,-1.4686,-1.6761,0.2292,0.0306,-0.1117,0.3699,0.4012,0.3294
MW13,-1.4598,1.6186,1.0976,1.2493,-1.3832,-1.5462,-1.4724,-1.4863,-1.5606,-1.3992
MW14,0.0883,0.242,-0.1178,0.0431,-0.5995,-0.4603,-0.4005,-0.1629,-0.104,-0.7124
MW15,-1.4775,1.6861,0.7327,1.3868,-1.4427,-1.6059,-1.5223,-1.5203,-1.5753,-1.4166
MX1,-1.7197,1.7492,1.1945,1.5494,-1.9808,-1.2393,-0.9223,-0.7324,-0.8026,-0.9167
MX2,0.7608,-1.0826,-1.4357,-0.5473,0.4861,0.1512,0.167,0.381,0.1516,0.6415
MX3,-1.4518,0.9148,1.193,1.8091,-1.5987,-2.0668,-1.8709,-1.368,-1.2044,-1.3129
MX4,-0.8971,0.7538,0.6879,0.9114,0.2807,0.7952,-0.0932,-0.0443,-0.0851,0.5446
MX5,0.6414,-1.2113,-0.9599,-0.9092,0.2807,1.1882,1.6757,1.0214,0.948,1.2313
MX6,-0.9327,1.2967,1.2069,0.9997,-0.8627,-0.8862,-1.0864,-1.0526,-0.9676,-1.0136
MX7,0.4206,-0.1321,-0.7633,-0.878,0.2293,0.2753,0.3103,0.1708,-0.0062,0.2541
MX8,1.35,-0.8651,-1.1704,-0.6685,0.9951,1.0686,1.1686,1.8146,2.1462,1.7243
MX9,0.8769,-1.379,-0.9298,-0.3776,1.3235,0.8449,0.7402,0.7538,0.4673,-0.3357
MX10,0.3693,-0.7323,-0.8388,-1.0537,0.599,0.4224,0.4645,-0.0443,-0.2502,-0.1332
MX11,-0.2628,0.3312,0.7311,0.115,-0.4492,-0.4696,-0.4833,-0.8375,-0.6448,-0.6262
MX12,-0.3696,0.2407,0.957,0.0093,-0.1901,-0.4144,-0.3415,-0.6273,-0.6017,-0.8199
MX13,1.5928,-0.988,-0.6769,-0.7862,1.3362,1.2675,1.256,1.4992,1.6655,1.2313
MX14,-0.7139,0.9107,0.8946,0.9746,-0.9678,-1.0978,-1.1945,-1.368,-1.2044,-1.3129
MX15,0.3358,0.1934,-0.0901,-1.1481,0.5186,0.161,0.2099,0.4336,0.3884,0.8439
MY1,1.5123,-1.395,-2.2853,-1.8902,2.0442,1.4344,1.8936,1.1682,1.079,0.9424
MY2,0.6019,-0.2965,-0.5554,-0.4441,1.5642,1.5196,0.2424,0.165,-0.1148,0.0769
MY3,0.293,-0.5002,0.5901,-0.0115,-0.108,1.1687,0.1401,-0.6467,-0.4475,-0.5312
MY4,-0.8977,1.4169,0.9454,0.9156,-0.6329,-0.3347,-0.4699,-1.3343,-1.3184,-1.3967
MY5,-0.5384,0.5557,0.5739,0.7237,-0.5461,-0.0592,-0.7222,-0.9003,-0.7704,-0.8743
MY6,-1.2324,-0.8522,1.2381,1.3238,-0.8879,-0.6186,-0.889,-0.269,-0.5552,-0.2739
MY7,-1.4678,1.3951,0.869,1.0263,-1.2628,-1.6392,-1.3581,-1.7119,-1.6609,-1.8334
MY8,-0.9398,1.3714,0.4443,0.5975,-0.5065,-0.9146,-0.7445,-0.021,-0.1148,0.0769
MY9,1.4415,-0.9619,-1.1016,-1.0699,0.8372,0.6178,1.0231,1.9178,1.8423,1.9794
MY10,1.0101,-1.4187,-0.906,-0.7751,1.206,0.9043,1.5918,0.9822,1.079,0.9424
MY11,-0.1778,0.6832,0.2129,0.9877,-0.9565,-0.766,-0.441,-0.207,-0.4475,-0.2739
MY12,1.3462,-0.9026,-1.3157,-0.9231,0.3594,0.6828,0.873,1.1682,1.353,1.114
MY13,-0.5316,0.6803,0.5843,0.5422,-0.7408,-1.0856,-1.0851,-0.6467,-0.4475,-0.5312
MY14,-0.5969,0.3758,0.28,0.3156,-0.5071,-0.9027,-0.6137,-0.021,-0.1148,0.0769
MY15,0.1774,-0.1512,0.4258,-1.3184,0.1377,-0.007,0.5596,0.3566,0.6387,0.5058
MZ1,1.6718,-1.5979,-1.4713,-1.2281,1.3704,1.5841,0.9658,1.5851,1.3071,1.7665
MZ2,1.858,-1.4652,-2.1931,-1.3552,2.0578,2.0345,2.5627,2.005,1.5203,1.8779
MZ3,0.9823,-1.0968,-1.0088,-0.2003,0.3142,0.8632,0.5103,1.0723,1.2411,0.9563
MZ4,-0.3531,-0.6997,0.7526,-0.0608,0.3142,0.0856,-0.0059,0.0617,0.6572,-0.2538
MZ5,0.398,-0.5965,-0.59,-0.9919,0.7409,-0.1802,0.0194,0.2586,-0.0941,0.2879
MZ6,0.3334,-0.1603,0.0409,-0.5139,0.5207,0.4512,0.3219,0.0245,0.1293,-0.2994
MZ7,0.769,-0.7343,-0.5743,-0.6037,0.8342,0.9099,0.997,0.7677,1.4644,0.4297
MZ8,-0.1909,0.1366,0.4304,0.1008,-0.0503,-0.1069,-0.1317,0.0282,-0.6373,0.7234
MZ9,-1.3655,1.4938,1.379,1.7572,-1.3052,-1.1789,-1.2913,-1.3651,-1.1805,-1.0741
MZ10,-1.3866,1.2846,0.8693,0.8344,-1.1083,-1.082,-0.9233,-0.8301,-0.9825,-1.0691
MZ11,-0.3186,0.76,-0.059,-1.0706,-0.3428,-0.254,-0.2879,-0.5588,-0.4241,-0.1728
MZ12,-0.4477,0.4365,0.2182,0.2252,-0.537,-0.4354,-0.4056,-0.4957,-0.0941,-0.264
MZ13,-1.1613,1.0083,1.0916,1.7047,-1.2626,-1.3159,-1.3585,-1.3466,-1.1652,-1.3526
MZ14,-0.4868,0.9648,0.39,0.9449,-0.922,-0.8132,-0.6247,-0.5588,-0.9419,-0.9475
MZ15,-0.302,0.2663,0.7245,0.4573,-0.6242,-0.5622,-0.3481,-0.648,-0.7997,-0.6083
